name, email, messageasda,szdf@gmail.com,asdasdsdfgsdf,szdf@gmail.com,sdfgdsfgds
sdfs,szdf@gmail.com,sdfsadf
asd,szdf@gmail.com,dsfa
sd,szdf@gmail.com,sdfdsf
sd,szdf@gmail.com,sdfdsf
sdf,szdf@gmail.com,sdfsdf
sdasd,szdf@gmail.com,sdfsd
dsd,szdf@gmail.com,sdfasdf
sd,szdf@gmail.com,adasf
sd,szdf@gmail.com,afdad
a,szdf@gmail.com,sdf
sd,szdf@gmail.com,sdfsdf
asda,szdf@gmail.com,sadfasdf
sd,szdf@gmail.com,asdas
amal,amal@gmail.com,hai there
sd,amal123@gmail.com,dbfbskjdbfs
sd,szdf@gmail.com,sdsdf
sd,szdf@gmail.com,asdfsdfdsfsdfs
sd,amalnsklm@gmail.com,sdfs
sddfs,amal@gmail.com,dsfgsdfg
vxb,amal@gmail.com,bxgfchg
sdfgsdf,amal@gmail.com,sgfhgjhbkcgv
asda,amal123@gmail.com,fzdfghjgfdzfdgxhjhjgchcgjvb
xsfF,amal@gmail.com,zsfzsfgdfg
fdsdfg,amal@gmail.com,sdfgsdfgsfd
